Apelido,Nome,GA: México x Coreia do Sul,GA: México x Rep. Tcheca,GA: México x África do Sul,GA: Coreia do Sul x Rep. Tcheca,GA: Coreia do Sul x África do Sul,GA: Rep. Tcheca x África do Sul,GB: Canadá x Catar,GB: Canadá x Suíça,GB: Canadá x Bósnia e Herz.,GB: Catar x Suíça,GB: Catar x Bósnia e Herz.,GB: Suíça x Bósnia e Herz.,GC: Brasil x Marrocos,GC: Brasil x Escócia,GC: Brasil x Haiti,GC: Marrocos x Escócia,GC: Marrocos x Haiti,GC: Escócia x Haiti,GD: EUA x Austrália,GD: EUA x Turquia,GD: EUA x Paraguai,GD: Austrália x Turquia,GD: Austrália x Paraguai,GD: Turquia x Paraguai,GE: Alemanha x Costa do Marfim,GE: Alemanha x Equador,GE: Alemanha x Curaçao,GE: Costa do Marfim x Equador,GE: Costa do Marfim x Curaçao,GE: Equador x Curaçao,GF: Holanda x Suécia,GF: Holanda x Japão,GF: Holanda x Tunísia,GF: Suécia x Japão,GF: Suécia x Tunísia,GF: Japão x Tunísia,GG: Bélgica x Irã,GG: Bélgica x Nova Zelândia,GG: Bélgica x Egito,GG: Irã x Nova Zelândia,GG: Irã x Egito,GG: Nova Zelândia x Egito,GH: Espanha x Arábia Saudita,GH: Espanha x Uruguai,GH: Espanha x Cabo Verde,GH: Arábia Saudita x Uruguai,GH: Arábia Saudita x Cabo Verde,GH: Uruguai x Cabo Verde,GI: França x Iraque,GI: França x Noruega,GI: França x Senegal,GI: Iraque x Noruega,GI: Iraque x Senegal,GI: Noruega x Senegal,GJ: Argentina x Áustria,GJ: Argentina x Jordânia,GJ: Argentina x Argélia,GJ: Áustria x Jordânia,GJ: Áustria x Argélia,GJ: Jordânia x Argélia,GK: Portugal x Colômbia,GK: Portugal x Uzbequistão,GK: Portugal x R.D. Congo,GK: Colômbia x Uzbequistão,GK: Colômbia x R.D. Congo,GK: Uzbequistão x R.D. Congo,GL: Inglaterra x Gana,GL: Inglaterra x Panamá,GL: Inglaterra x Croácia,GL: Gana x Panamá,GL: Gana x Croácia,GL: Panamá x Croácia,Total Pontos
RESULTADO REAL,,1x0,3x0,2x0,2x1,0x1,1x1,6x0,1x2,1x1,1x1,1x3,4x1,1x1,3x0,3x0,1x0,4x2,1x0,2x0,2x3,4x1,2x0,0x0,0x1,2x1,1x2,7x1,1x0,2x0,0x0,5x1,2x2,3x1,1x1,5x1,4x0,0x0,5x1,1x1,2x2,1x1,1x3,4x0,1x0,0x0,1x1,0x0,2x2,3x0,4x1,3x1,1x4,0x5,3x2,2x0,3x1,3x0,3x1,3x3,1x2,0x0,5x0,1x1,3x1,1x0,1x1,0x0,2x0,4x2,1x0,1x2,0x1,
amé2026,Amelia Yamamoto,0x1 (0pts) | Real:1x0,1x1 (0pts) | Real:3x0,2x1 (4pts) | Real:2x0,1x0 (3pts) | Real:2x1,2x1 (1pts) | Real:0x1,2x1 (1pts) | Real:1x1,1x1 (0pts) | Real:6x0,1x2 (5pts) | Real:1x2,1x1 (5pts) | Real:1x1,1x2 (1pts) | Real:1x1,1x1 (1pts) | Real:1x3,2x1 (4pts) | Real:4x1,2x1 (1pts) | Real:1x1,2x0 (4pts) | Real:3x0,3x1 (4pts) | Real:3x0,2x1 (3pts) | Real:1x0,3x1 (3pts) | Real:4x2,2x1 (3pts) | Real:1x0,1x1 (0pts) | Real:2x0,1x1 (0pts) | Real:2x3,1x2 (0pts) | Real:4x1,1x1 (0pts) | Real:2x0,2x1 (0pts) | Real:0x0,1x2 (3pts) | Real:0x1,2x1 (5pts) | Real:2x1,1x0 (1pts) | Real:1x2,3x0 (3pts) | Real:7x1,2x2 (0pts) | Real:1x0,3x0 (4pts) | Real:2x0,2x0 (1pts) | Real:0x0,2x2 (0pts) | Real:5x1,1x2 (1pts) | Real:2x2,2x1 (4pts) | Real:3x1,2x2 (3pts) | Real:1x1,2x1 (4pts) | Real:5x1,2x1 (3pts) | Real:4x0,2x0 (1pts) | Real:0x0,2x1 (4pts) | Real:5x1,2x0 (0pts) | Real:1x1,2x1 (1pts) | Real:2x2,2x2 (3pts) | Real:1x1,1x2 (4pts) | Real:1x3,3x0 (4pts) | Real:4x0,3x2 (3pts) | Real:1x0,3x0 (1pts) | Real:0x0,1x2 (1pts) | Real:1x1,1x0 (1pts) | Real:0x0,2x0 (1pts) | Real:2x2,2x0 (4pts) | Real:3x0,2x1 (4pts) | Real:4x1,2x2 (0pts) | Real:3x1,1x2 (4pts) | Real:1x4,1x2 (3pts) | Real:0x5,1x1 (0pts) | Real:3x2,2x0 (5pts) | Real:2x0,3x0 (4pts) | Real:3x1,2x2 (0pts) | Real:3x0,2x0 (3pts) | Real:3x1,2x2 (3pts) | Real:3x3,1x2 (5pts) | Real:1x2,2x2 (3pts) | Real:0x0,2x0 (4pts) | Real:5x0,2x0 (0pts) | Real:1x1,2x1 (4pts) | Real:3x1,2x0 (4pts) | Real:1x0,2x0 (0pts) | Real:1x1,2x2 (3pts) | Real:0x0,2x0 (5pts) | Real:2x0,2x1 (3pts) | Real:4x2,2x0 (4pts) | Real:1x0,2x2 (1pts) | Real:1x2,1x2 (3pts) | Real:0x1,168
neymarcaicai,Anderson Yokoda,2x2 (0pts) | Real:1x0,1x0 (4pts) | Real:3x0,2x1 (4pts) | Real:2x0,1x1 (1pts) | Real:2x1,2x1 (1pts) | Real:0x1,1x1 (5pts) | Real:1x1,1x1 (0pts) | Real:6x0,1x2 (5pts) | Real:1x2,2x1 (1pts) | Real:1x1,0x2 (0pts) | Real:1x1,0x1 (3pts) | Real:1x3,1x1 (1pts) | Real:4x1,2x1 (1pts) | Real:1x1,2x0 (4pts) | Real:3x0,4x0 (4pts) | Real:3x0,1x1 (1pts) | Real:1x0,2x0 (3pts) | Real:4x2,2x0 (4pts) | Real:1x0,2x0 (5pts) | Real:2x0,2x2 (1pts) | Real:2x3,2x1 (4pts) | Real:4x1,0x1 (0pts) | Real:2x0,0x1 (1pts) | Real:0x0,1x1 (1pts) | Real:0x1,2x1 (5pts) | Real:2x1,1x1 (1pts) | Real:1x2,3x0 (3pts) | Real:7x1,1x1 (1pts) | Real:1x0,2x1 (4pts) | Real:2x0,2x0 (1pts) | Real:0x0,2x1 (4pts) | Real:5x1,1x1 (3pts) | Real:2x2,2x0 (3pts) | Real:3x1,2x2 (3pts) | Real:1x1,2x0 (3pts) | Real:5x1,2x0 (4pts) | Real:4x0,2x0 (1pts) | Real:0x0,3x0 (3pts) | Real:5x1,2x1 (1pts) | Real:1x1,1x0 (0pts) | Real:2x2,1x1 (5pts) | Real:1x1,1x2 (4pts) | Real:1x3,2x0 (4pts) | Real:4x0,1x1 (1pts) | Real:1x0,3x0 (1pts) | Real:0x0,0x2 (0pts) | Real:1x1,1x1 (3pts) | Real:0x0,3x1 (0pts) | Real:2x2,4x0 (4pts) | Real:3x0,2x1 (4pts) | Real:4x1,2x1 (4pts) | Real:3x1,0x3 (3pts) | Real:1x4,0x2 (4pts) | Real:0x5,1x1 (0pts) | Real:3x2,2x1 (4pts) | Real:2x0,3x0 (4pts) | Real:3x1,2x0 (4pts) | Real:3x0,2x0 (3pts) | Real:3x1,1x1 (3pts) | Real:3x3,1x2 (5pts) | Real:1x2,1x1 (3pts) | Real:0x0,3x0 (4pts) | Real:5x0,2x0 (0pts) | Real:1x1,2x0 (3pts) | Real:3x1,2x0 (4pts) | Real:1x0,2x1 (1pts) | Real:1x1,3x1 (0pts) | Real:0x0,4x0 (4pts) | Real:2x0,2x1 (3pts) | Real:4x2,2x0 (4pts) | Real:1x0,1x1 (1pts) | Real:1x2,0x2 (4pts) | Real:0x1,185
ddc,Daniel Djigov Cavalcanti,2x1 (3pts) | Real:1x0,2x0 (4pts) | Real:3x0,1x1 (0pts) | Real:2x0,2x0 (4pts) | Real:2x1,1x1 (1pts) | Real:0x1,0x1 (1pts) | Real:1x1,1x0 (4pts) | Real:6x0,1x0 (1pts) | Real:1x2,2x0 (0pts) | Real:1x1,0x1 (1pts) | Real:1x1,1x0 (1pts) | Real:1x3,2x0 (3pts) | Real:4x1,2x1 (1pts) | Real:1x1,1x0 (4pts) | Real:3x0,3x0 (5pts) | Real:3x0,2x0 (4pts) | Real:1x0,3x0 (3pts) | Real:4x2,1x0 (5pts) | Real:1x0,0x1 (0pts) | Real:2x0,0x1 (3pts) | Real:2x3,1x0 (3pts) | Real:4x1,0x2 (0pts) | Real:2x0,1x0 (1pts) | Real:0x0,2x0 (0pts) | Real:0x1,2x0 (4pts) | Real:2x1,2x1 (0pts) | Real:1x2,3x0 (3pts) | Real:7x1,1x2 (1pts) | Real:1x0,1x1 (0pts) | Real:2x0,1x0 (1pts) | Real:0x0,2x1 (4pts) | Real:5x1,1x1 (3pts) | Real:2x2,2x1 (4pts) | Real:3x1,1x1 (5pts) | Real:1x1,1x0 (3pts) | Real:5x1,2x0 (4pts) | Real:4x0,2x0 (1pts) | Real:0x0,2x0 (3pts) | Real:5x1,2x2 (3pts) | Real:1x1,0x1 (0pts) | Real:2x2,0x2 (0pts) | Real:1x1,0x1 (3pts) | Real:1x3,3x0 (4pts) | Real:4x0,2x1 (3pts) | Real:1x0,3x0 (1pts) | Real:0x0,0x2 (0pts) | Real:1x1,1x0 (1pts) | Real:0x0,2x0 (1pts) | Real:2x2,3x0 (5pts) | Real:3x0,4x2 (4pts) | Real:4x1,3x1 (5pts) | Real:3x1,0x2 (3pts) | Real:1x4,0x1 (4pts) | Real:0x5,1x0 (3pts) | Real:3x2,2x0 (5pts) | Real:2x0,2x0 (3pts) | Real:3x1,1x0 (4pts) | Real:3x0,0x0 (0pts) | Real:3x1,0x1 (0pts) | Real:3x3,0x1 (3pts) | Real:1x2,2x1 (0pts) | Real:0x0,3x0 (4pts) | Real:5x0,3x0 (0pts) | Real:1x1,2x0 (3pts) | Real:3x1,2x0 (4pts) | Real:1x0,0x0 (3pts) | Real:1x1,3x0 (1pts) | Real:0x0,4x0 (4pts) | Real:2x0,2x1 (3pts) | Real:4x2,1x0 (5pts) | Real:1x0,1x2 (5pts) | Real:1x2,0x2 (4pts) | Real:0x1,179
endrick,Endrick,2x0 (4pts) | Real:1x0,0x0 (1pts) | Real:3x0,3x1 (3pts) | Real:2x0,1x1 (1pts) | Real:2x1,2x0 (0pts) | Real:0x1,2x1 (1pts) | Real:1x1,2x2 (0pts) | Real:6x0,0x3 (3pts) | Real:1x2,0x2 (0pts) | Real:1x1,1x1 (5pts) | Real:1x1,0x1 (3pts) | Real:1x3,2x0 (3pts) | Real:4x1,2x1 (1pts) | Real:1x1,3x1 (4pts) | Real:3x0,4x0 (4pts) | Real:3x0,2x0 (4pts) | Real:1x0,3x0 (3pts) | Real:4x2,2x0 (4pts) | Real:1x0,2x1 (4pts) | Real:2x0,0x1 (3pts) | Real:2x3,0x1 (1pts) | Real:4x1,0x2 (0pts) | Real:2x0,0x2 (1pts) | Real:0x0,0x1 (5pts) | Real:0x1,2x1 (5pts) | Real:2x1,1x0 (1pts) | Real:1x2,5x0 (3pts) | Real:7x1,0x1 (0pts) | Real:1x0,2x0 (5pts) | Real:2x0,3x0 (1pts) | Real:0x0,2x0 (3pts) | Real:5x1,2x0 (1pts) | Real:2x2,1x1 (1pts) | Real:3x1,2x2 (3pts) | Real:1x1,0x1 (1pts) | Real:5x1,1x2 (0pts) | Real:4x0,2x0 (1pts) | Real:0x0,4x1 (4pts) | Real:5x1,3x1 (1pts) | Real:1x1,1x2 (1pts) | Real:2x2,0x2 (0pts) | Real:1x1,1x2 (4pts) | Real:1x3,0x0 (1pts) | Real:4x0,0x0 (1pts) | Real:1x0,0x0 (5pts) | Real:0x0,0x0 (3pts) | Real:1x1,0x0 (5pts) | Real:0x0,0x0 (3pts) | Real:2x2,3x0 (5pts) | Real:3x0,2x1 (4pts) | Real:4x1,2x2 (0pts) | Real:3x1,0x1 (3pts) | Real:1x4,0x2 (4pts) | Real:0x5,1x3 (0pts) | Real:3x2,2x1 (4pts) | Real:2x0,3x0 (4pts) | Real:3x1,2x0 (4pts) | Real:3x0,1x0 (3pts) | Real:3x1,1x2 (0pts) | Real:3x3,0x2 (4pts) | Real:1x2,0x0 (5pts) | Real:0x0,0x0 (1pts) | Real:5x0,0x0 (3pts) | Real:1x1,0x0 (0pts) | Real:3x1,0x0 (1pts) | Real:1x0,0x0 (3pts) | Real:1x1,2x0 (1pts) | Real:0x0,1x0 (4pts) | Real:2x0,2x2 (1pts) | Real:4x2,2x0 (4pts) | Real:1x0,1x2 (5pts) | Real:1x2,1x3 (3pts) | Real:0x1,177
bê agá,Felipe Avila,2x0 (4pts) | Real:1x0,1x1 (0pts) | Real:3x0,2x1 (4pts) | Real:2x0,0x2 (0pts) | Real:2x1,0x0 (1pts) | Real:0x1,2x0 (0pts) | Real:1x1,2x0 (4pts) | Real:6x0,1x1 (1pts) | Real:1x2,1x1 (5pts) | Real:1x1,0x2 (0pts) | Real:1x1,1x1 (1pts) | Real:1x3,2x1 (4pts) | Real:4x1,2x1 (1pts) | Real:1x1,2x0 (4pts) | Real:3x0,4x0 (4pts) | Real:3x0,1x1 (1pts) | Real:1x0,3x1 (3pts) | Real:4x2,2x0 (4pts) | Real:1x0,2x0 (5pts) | Real:2x0,1x1 (0pts) | Real:2x3,2x1 (4pts) | Real:4x1,1x2 (0pts) | Real:2x0,1x2 (0pts) | Real:0x0,1x1 (1pts) | Real:0x1,2x0 (4pts) | Real:2x1,2x1 (0pts) | Real:1x2,4x0 (3pts) | Real:7x1,1x1 (1pts) | Real:1x0,2x0 (5pts) | Real:2x0,2x0 (1pts) | Real:0x0,1x1 (1pts) | Real:5x1,2x1 (1pts) | Real:2x2,3x0 (4pts) | Real:3x1,1x1 (5pts) | Real:1x1,1x0 (3pts) | Real:5x1,2x0 (4pts) | Real:4x0,2x1 (0pts) | Real:0x0,2x1 (4pts) | Real:5x1,1x2 (1pts) | Real:1x1,1x0 (0pts) | Real:2x2,1x2 (1pts) | Real:1x1,2x0 (0pts) | Real:1x3,3x1 (3pts) | Real:4x0,1x1 (1pts) | Real:1x0,3x0 (1pts) | Real:0x0,0x2 (0pts) | Real:1x1,1x1 (3pts) | Real:0x0,1x0 (0pts) | Real:2x2,3x0 (5pts) | Real:3x0,2x1 (4pts) | Real:4x1,2x1 (4pts) | Real:3x1,0x2 (3pts) | Real:1x4,0x2 (4pts) | Real:0x5,1x1 (0pts) | Real:3x2,2x1 (4pts) | Real:2x0,4x0 (3pts) | Real:3x1,3x0 (5pts) | Real:3x0,2x0 (3pts) | Real:3x1,2x1 (0pts) | Real:3x3,0x2 (4pts) | Real:1x2,0x1 (1pts) | Real:0x0,2x1 (3pts) | Real:5x0,1x1 (5pts) | Real:1x1,2x1 (4pts) | Real:3x1,2x1 (3pts) | Real:1x0,1x1 (5pts) | Real:1x1,2x0 (1pts) | Real:0x0,3x0 (4pts) | Real:2x0,2x1 (3pts) | Real:4x2,2x0 (4pts) | Real:1x0,1x1 (1pts) | Real:1x2,0x2 (4pts) | Real:0x1,174
guga,Guilherme Augusto,2x0 (4pts) | Real:1x0,1x1 (0pts) | Real:3x0,2x0 (5pts) | Real:2x0,1x2 (0pts) | Real:2x1,2x1 (1pts) | Real:0x1,1x0 (1pts) | Real:1x1,1x0 (4pts) | Real:6x0,0x2 (4pts) | Real:1x2,0x1 (1pts) | Real:1x1,1x3 (1pts) | Real:1x1,0x1 (3pts) | Real:1x3,2x1 (4pts) | Real:4x1,2x0 (0pts) | Real:1x1,3x0 (5pts) | Real:3x0,2x0 (4pts) | Real:3x0,2x1 (3pts) | Real:1x0,2x0 (3pts) | Real:4x2,2x1 (3pts) | Real:1x0,2x1 (4pts) | Real:2x0,1x1 (0pts) | Real:2x3,1x0 (3pts) | Real:4x1,1x1 (0pts) | Real:2x0,0x0 (5pts) | Real:0x0,1x0 (0pts) | Real:0x1,2x1 (5pts) | Real:2x1,1x1 (1pts) | Real:1x2,4x0 (3pts) | Real:7x1,1x1 (1pts) | Real:1x0,2x0 (5pts) | Real:2x0,2x0 (1pts) | Real:0x0,1x0 (3pts) | Real:5x1,1x1 (3pts) | Real:2x2,2x1 (4pts) | Real:3x1,1x1 (5pts) | Real:1x1,1x0 (3pts) | Real:5x1,1x0 (4pts) | Real:4x0,2x0 (1pts) | Real:0x0,3x0 (3pts) | Real:5x1,2x1 (1pts) | Real:1x1,2x1 (1pts) | Real:2x2,0x1 (1pts) | Real:1x1,0x2 (3pts) | Real:1x3,3x0 (4pts) | Real:4x0,2x1 (3pts) | Real:1x0,2x0 (1pts) | Real:0x0,1x2 (1pts) | Real:1x1,0x2 (1pts) | Real:0x0,1x1 (3pts) | Real:2x2,3x0 (5pts) | Real:3x0,2x0 (3pts) | Real:4x1,3x1 (5pts) | Real:3x1,0x2 (3pts) | Real:1x4,1x2 (3pts) | Real:0x5,2x0 (3pts) | Real:3x2,2x0 (5pts) | Real:2x0,3x0 (4pts) | Real:3x1,2x1 (3pts) | Real:3x0,2x0 (3pts) | Real:3x1,1x1 (3pts) | Real:3x3,0x2 (4pts) | Real:1x2,2x1 (0pts) | Real:0x0,2x0 (4pts) | Real:5x0,2x0 (0pts) | Real:1x1,2x1 (4pts) | Real:3x1,1x1 (1pts) | Real:1x0,0x2 (0pts) | Real:1x1,2x0 (1pts) | Real:0x0,3x1 (3pts) | Real:2x0,2x1 (3pts) | Real:4x2,1x0 (5pts) | Real:1x0,0x1 (3pts) | Real:1x2,0x2 (4pts) | Real:0x1,191
morgado,JEFERSON MORGADO,1x2 (1pts) | Real:1x0,1x1 (0pts) | Real:3x0,2x1 (4pts) | Real:2x0,1x1 (1pts) | Real:2x1,2x0 (0pts) | Real:0x1,1x0 (1pts) | Real:1x1,1x0 (4pts) | Real:6x0,0x1 (3pts) | Real:1x2,1x1 (5pts) | Real:1x1,0x1 (1pts) | Real:1x1,0x0 (0pts) | Real:1x3,1x1 (1pts) | Real:4x1,2x1 (1pts) | Real:1x1,2x0 (4pts) | Real:3x0,3x0 (5pts) | Real:3x0,2x1 (3pts) | Real:1x0,2x0 (3pts) | Real:4x2,1x1 (1pts) | Real:1x0,1x0 (4pts) | Real:2x0,1x1 (0pts) | Real:2x3,1x1 (1pts) | Real:4x1,0x1 (0pts) | Real:2x0,1x1 (3pts) | Real:0x0,2x1 (1pts) | Real:0x1,4x1 (4pts) | Real:2x1,3x1 (0pts) | Real:1x2,5x0 (3pts) | Real:7x1,1x2 (1pts) | Real:1x0,2x1 (4pts) | Real:2x0,1x0 (1pts) | Real:0x0,2x1 (4pts) | Real:5x1,2x1 (1pts) | Real:2x2,3x0 (4pts) | Real:3x1,1x1 (5pts) | Real:1x1,1x1 (1pts) | Real:5x1,1x0 (4pts) | Real:4x0,2x0 (1pts) | Real:0x0,3x0 (3pts) | Real:5x1,2x1 (1pts) | Real:1x1,1x0 (0pts) | Real:2x2,1x1 (5pts) | Real:1x1,0x1 (3pts) | Real:1x3,3x0 (4pts) | Real:4x0,2x1 (3pts) | Real:1x0,4x0 (1pts) | Real:0x0,1x2 (1pts) | Real:1x1,2x1 (0pts) | Real:0x0,1x0 (0pts) | Real:2x2,2x0 (4pts) | Real:3x0,2x0 (3pts) | Real:4x1,2x1 (4pts) | Real:3x1,1x1 (1pts) | Real:1x4,0x2 (4pts) | Real:0x5,1x1 (0pts) | Real:3x2,1x0 (4pts) | Real:2x0,3x0 (4pts) | Real:3x1,2x1 (3pts) | Real:3x0,1x0 (3pts) | Real:3x1,1x2 (0pts) | Real:3x3,0x0 (0pts) | Real:1x2,2x1 (0pts) | Real:0x0,2x0 (4pts) | Real:5x0,2x0 (0pts) | Real:1x1,1x0 (3pts) | Real:3x1,2x0 (4pts) | Real:1x0,0x0 (3pts) | Real:1x1,1x0 (1pts) | Real:0x0,2x0 (5pts) | Real:2x0,2x1 (3pts) | Real:4x2,2x0 (4pts) | Real:1x0,0x1 (3pts) | Real:1x2,0x2 (4pts) | Real:0x1,165
jake,João Pedro Becker leite,2x1 (3pts) | Real:1x0,1x1 (0pts) | Real:3x0,2x0 (5pts) | Real:2x0,1x0 (3pts) | Real:2x1,1x1 (1pts) | Real:0x1,0x1 (1pts) | Real:1x1,1x1 (0pts) | Real:6x0,0x1 (3pts) | Real:1x2,1x0 (1pts) | Real:1x1,1x1 (5pts) | Real:1x1,0x0 (0pts) | Real:1x3,2x0 (3pts) | Real:4x1,2x1 (1pts) | Real:1x1,3x0 (5pts) | Real:3x0,2x0 (4pts) | Real:3x0,1x0 (5pts) | Real:1x0,2x0 (3pts) | Real:4x2,1x1 (1pts) | Real:1x0,1x0 (4pts) | Real:2x0,1x0 (0pts) | Real:2x3,1x1 (1pts) | Real:4x1,0x1 (0pts) | Real:2x0,0x1 (1pts) | Real:0x0,0x1 (5pts) | Real:0x1,1x2 (0pts) | Real:2x1,1x0 (1pts) | Real:1x2,3x0 (3pts) | Real:7x1,1x0 (5pts) | Real:1x0,1x0 (4pts) | Real:2x0,1x1 (3pts) | Real:0x0,1x0 (3pts) | Real:5x1,3x0 (0pts) | Real:2x2,2x1 (4pts) | Real:3x1,1x2 (1pts) | Real:1x1,1x1 (1pts) | Real:5x1,1x0 (4pts) | Real:4x0,1x0 (1pts) | Real:0x0,1x1 (1pts) | Real:5x1,2x1 (1pts) | Real:1x1,1x0 (0pts) | Real:2x2,1x2 (1pts) | Real:1x1,0x1 (3pts) | Real:1x3,2x0 (4pts) | Real:4x0,3x1 (3pts) | Real:1x0,2x0 (1pts) | Real:0x0,0x1 (1pts) | Real:1x1,1x1 (3pts) | Real:0x0,2x0 (1pts) | Real:2x2,3x0 (5pts) | Real:3x0,1x1 (1pts) | Real:4x1,2x0 (3pts) | Real:3x1,0x1 (3pts) | Real:1x4,1x2 (3pts) | Real:0x5,1x0 (3pts) | Real:3x2,2x0 (5pts) | Real:2x0,4x0 (3pts) | Real:3x1,2x1 (3pts) | Real:3x0,1x0 (3pts) | Real:3x1,1x2 (0pts) | Real:3x3,1x0 (1pts) | Real:1x2,3x0 (1pts) | Real:0x0,2x0 (4pts) | Real:5x0,3x1 (1pts) | Real:1x1,1x0 (3pts) | Real:3x1,2x1 (3pts) | Real:1x0,1x1 (5pts) | Real:1x1,4x0 (1pts) | Real:0x0,1x0 (4pts) | Real:2x0,1x2 (1pts) | Real:4x2,1x1 (1pts) | Real:1x0,1x2 (5pts) | Real:1x2,0x2 (4pts) | Real:0x1,170
robo,Marcelo Yugue,2x1 (3pts) | Real:1x0,2x1 (3pts) | Real:3x0,2x0 (5pts) | Real:2x0,1x1 (1pts) | Real:2x1,2x1 (1pts) | Real:0x1,1x0 (1pts) | Real:1x1,2x0 (4pts) | Real:6x0,1x2 (5pts) | Real:1x2,2x1 (1pts) | Real:1x1,0x2 (0pts) | Real:1x1,1x1 (1pts) | Real:1x3,2x0 (3pts) | Real:4x1,2x1 (1pts) | Real:1x1,2x1 (3pts) | Real:3x0,3x0 (5pts) | Real:3x0,1x1 (1pts) | Real:1x0,2x0 (3pts) | Real:4x2,2x0 (4pts) | Real:1x0,2x0 (5pts) | Real:2x0,2x1 (1pts) | Real:2x3,2x1 (4pts) | Real:4x1,1x1 (0pts) | Real:2x0,1x1 (3pts) | Real:0x0,2x1 (1pts) | Real:0x1,2x0 (4pts) | Real:2x1,2x1 (0pts) | Real:1x2,3x0 (3pts) | Real:7x1,1x1 (1pts) | Real:1x0,2x0 (5pts) | Real:2x0,2x0 (1pts) | Real:0x0,1x1 (1pts) | Real:5x1,2x0 (1pts) | Real:2x2,3x0 (4pts) | Real:3x1,1x1 (5pts) | Real:1x1,2x1 (4pts) | Real:5x1,2x1 (3pts) | Real:4x0,2x0 (1pts) | Real:0x0,3x0 (3pts) | Real:5x1,3x1 (1pts) | Real:1x1,1x0 (0pts) | Real:2x2,1x0 (1pts) | Real:1x1,1x1 (1pts) | Real:1x3,2x0 (4pts) | Real:4x0,2x1 (3pts) | Real:1x0,3x0 (1pts) | Real:0x0,0x2 (0pts) | Real:1x1,1x2 (0pts) | Real:0x0,3x0 (0pts) | Real:2x2,3x0 (5pts) | Real:3x0,2x1 (4pts) | Real:4x1,2x1 (4pts) | Real:3x1,2x0 (0pts) | Real:1x4,0x2 (4pts) | Real:0x5,1x1 (0pts) | Real:3x2,2x1 (4pts) | Real:2x0,3x0 (4pts) | Real:3x1,3x0 (5pts) | Real:3x0,2x0 (3pts) | Real:3x1,1x1 (3pts) | Real:3x3,0x2 (4pts) | Real:1x2,1x1 (3pts) | Real:0x0,2x0 (4pts) | Real:5x0,2x0 (0pts) | Real:1x1,2x0 (3pts) | Real:3x1,2x0 (4pts) | Real:1x0,0x1 (1pts) | Real:1x1,2x0 (1pts) | Real:0x0,3x0 (4pts) | Real:2x0,2x1 (3pts) | Real:4x2,2x0 (4pts) | Real:1x0,0x2 (4pts) | Real:1x2,0x2 (4pts) | Real:0x1,181
pecht,Paulo Pecht,1x0 (5pts) | Real:1x0,1x1 (0pts) | Real:3x0,2x0 (5pts) | Real:2x0,2x0 (4pts) | Real:2x1,1x0 (0pts) | Real:0x1,3x1 (1pts) | Real:1x1,1x0 (4pts) | Real:6x0,0x2 (4pts) | Real:1x2,0x1 (1pts) | Real:1x1,0x2 (0pts) | Real:1x1,1x1 (1pts) | Real:1x3,3x0 (3pts) | Real:4x1,2x1 (1pts) | Real:1x1,3x0 (5pts) | Real:3x0,4x1 (3pts) | Real:3x0,3x1 (3pts) | Real:1x0,4x0 (4pts) | Real:4x2,3x0 (4pts) | Real:1x0,3x0 (4pts) | Real:2x0,2x1 (1pts) | Real:2x3,1x2 (0pts) | Real:4x1,0x2 (0pts) | Real:2x0,0x2 (1pts) | Real:0x0,0x2 (4pts) | Real:0x1,3x0 (3pts) | Real:2x1,2x1 (0pts) | Real:1x2,5x0 (3pts) | Real:7x1,1x2 (1pts) | Real:1x0,3x0 (4pts) | Real:2x0,3x0 (1pts) | Real:0x0,2x1 (4pts) | Real:5x1,3x1 (0pts) | Real:2x2,2x0 (3pts) | Real:3x1,2x1 (1pts) | Real:1x1,1x1 (1pts) | Real:5x1,1x1 (0pts) | Real:4x0,2x0 (1pts) | Real:0x0,3x1 (4pts) | Real:5x1,4x1 (1pts) | Real:1x1,1x1 (3pts) | Real:2x2,0x0 (3pts) | Real:1x1,0x0 (0pts) | Real:1x3,3x1 (3pts) | Real:4x0,2x2 (0pts) | Real:1x0,3x0 (1pts) | Real:0x0,1x2 (1pts) | Real:1x1,2x0 (1pts) | Real:0x0,3x0 (0pts) | Real:2x2,4x0 (4pts) | Real:3x0,2x1 (4pts) | Real:4x1,1x0 (3pts) | Real:3x1,0x0 (0pts) | Real:1x4,0x2 (4pts) | Real:0x5,2x1 (3pts) | Real:3x2,3x1 (3pts) | Real:2x0,2x0 (3pts) | Real:3x1,1x0 (4pts) | Real:3x0,1x0 (3pts) | Real:3x1,0x0 (3pts) | Real:3x3,3x1 (0pts) | Real:1x2,2x2 (3pts) | Real:0x0,2x0 (4pts) | Real:5x0,3x1 (1pts) | Real:1x1,2x0 (3pts) | Real:3x1,3x1 (3pts) | Real:1x0,1x1 (5pts) | Real:1x1,3x1 (0pts) | Real:0x0,2x0 (5pts) | Real:2x0,1x2 (1pts) | Real:4x2,2x0 (4pts) | Real:1x0,1x3 (4pts) | Real:1x2,0x4 (4pts) | Real:0x1,168
rdc,Rafael Djigov Cavalcanti,1x1 (1pts) | Real:1x0,1x0 (4pts) | Real:3x0,1x0 (4pts) | Real:2x0,2x1 (5pts) | Real:2x1,2x0 (0pts) | Real:0x1,1x0 (1pts) | Real:1x1,2x0 (4pts) | Real:6x0,1x1 (1pts) | Real:1x2,1x0 (1pts) | Real:1x1,0x1 (1pts) | Real:1x1,1x1 (1pts) | Real:1x3,2x1 (4pts) | Real:4x1,2x1 (1pts) | Real:1x1,2x0 (4pts) | Real:3x0,3x0 (5pts) | Real:3x0,1x0 (5pts) | Real:1x0,2x0 (3pts) | Real:4x2,2x1 (3pts) | Real:1x0,1x1 (0pts) | Real:2x0,1x2 (3pts) | Real:2x3,1x0 (3pts) | Real:4x1,1x1 (0pts) | Real:2x0,1x1 (3pts) | Real:0x0,1x0 (0pts) | Real:0x1,2x0 (4pts) | Real:2x1,1x1 (1pts) | Real:1x2,3x0 (3pts) | Real:7x1,0x1 (0pts) | Real:1x0,2x0 (5pts) | Real:2x0,2x0 (1pts) | Real:0x0,2x1 (4pts) | Real:5x1,2x1 (1pts) | Real:2x2,2x0 (3pts) | Real:3x1,1x1 (5pts) | Real:1x1,1x0 (3pts) | Real:5x1,1x0 (4pts) | Real:4x0,1x0 (1pts) | Real:0x0,2x0 (3pts) | Real:5x1,1x0 (1pts) | Real:1x1,1x0 (0pts) | Real:2x2,1x0 (1pts) | Real:1x1,0x1 (3pts) | Real:1x3,3x0 (4pts) | Real:4x0,2x1 (3pts) | Real:1x0,3x0 (1pts) | Real:0x0,0x2 (0pts) | Real:1x1,1x1 (3pts) | Real:0x0,2x0 (1pts) | Real:2x2,3x0 (5pts) | Real:3x0,2x1 (4pts) | Real:4x1,2x0 (3pts) | Real:3x1,0x2 (3pts) | Real:1x4,0x2 (4pts) | Real:0x5,1x0 (3pts) | Real:3x2,2x1 (4pts) | Real:2x0,3x0 (4pts) | Real:3x1,2x0 (4pts) | Real:3x0,2x0 (3pts) | Real:3x1,1x1 (3pts) | Real:3x3,0x1 (3pts) | Real:1x2,2x1 (0pts) | Real:0x0,2x0 (4pts) | Real:5x0,2x1 (1pts) | Real:1x1,2x0 (3pts) | Real:3x1,2x0 (4pts) | Real:1x0,0x1 (1pts) | Real:1x1,2x0 (1pts) | Real:0x0,2x0 (5pts) | Real:2x0,1x0 (3pts) | Real:4x2,1x2 (1pts) | Real:1x0,0x2 (4pts) | Real:1x2,0x1 (5pts) | Real:0x1,187
jacober,Ricardo Jacober,2x1 (3pts) | Real:1x0,1x0 (4pts) | Real:3x0,2x0 (5pts) | Real:2x0,1x1 (1pts) | Real:2x1,2x1 (1pts) | Real:0x1,1x0 (1pts) | Real:1x1,1x0 (4pts) | Real:6x0,1x1 (1pts) | Real:1x2,2x1 (1pts) | Real:1x1,1x2 (1pts) | Real:1x1,1x2 (4pts) | Real:1x3,1x1 (1pts) | Real:4x1,2x1 (1pts) | Real:1x1,2x1 (3pts) | Real:3x0,3x0 (5pts) | Real:3x0,1x1 (1pts) | Real:1x0,2x0 (3pts) | Real:4x2,2x0 (4pts) | Real:1x0,2x1 (4pts) | Real:2x0,1x1 (0pts) | Real:2x3,1x0 (3pts) | Real:4x1,1x2 (0pts) | Real:2x0,1x2 (0pts) | Real:0x0,1x1 (1pts) | Real:0x1,2x0 (4pts) | Real:2x1,1x1 (1pts) | Real:1x2,3x0 (3pts) | Real:7x1,1x1 (1pts) | Real:1x0,2x1 (4pts) | Real:2x0,2x0 (1pts) | Real:0x0,1x1 (1pts) | Real:5x1,2x1 (1pts) | Real:2x2,2x0 (3pts) | Real:3x1,1x2 (1pts) | Real:1x1,1x0 (3pts) | Real:5x1,1x1 (0pts) | Real:4x0,1x1 (3pts) | Real:0x0,2x0 (3pts) | Real:5x1,2x1 (1pts) | Real:1x1,1x0 (0pts) | Real:2x2,1x1 (5pts) | Real:1x1,0x2 (3pts) | Real:1x3,2x0 (4pts) | Real:4x0,1x1 (1pts) | Real:1x0,3x0 (1pts) | Real:0x0,0x1 (1pts) | Real:1x1,2x1 (0pts) | Real:0x0,2x0 (1pts) | Real:2x2,3x0 (5pts) | Real:3x0,2x1 (4pts) | Real:4x1,2x1 (4pts) | Real:3x1,0x2 (3pts) | Real:1x4,0x2 (4pts) | Real:0x5,1x1 (0pts) | Real:3x2,2x1 (4pts) | Real:2x0,2x0 (3pts) | Real:3x1,2x0 (4pts) | Real:3x0,2x1 (4pts) | Real:3x1,1x1 (3pts) | Real:3x3,1x1 (1pts) | Real:1x2,1x1 (3pts) | Real:0x0,2x0 (4pts) | Real:5x0,2x0 (0pts) | Real:1x1,2x1 (4pts) | Real:3x1,2x1 (3pts) | Real:1x0,1x1 (5pts) | Real:1x1,2x0 (1pts) | Real:0x0,2x0 (5pts) | Real:2x0,1x1 (0pts) | Real:4x2,2x1 (3pts) | Real:1x0,1x2 (5pts) | Real:1x2,1x2 (3pts) | Real:0x1,173
cabo preto e branco,RICARDO RASERA FILHO,2x0 (4pts) | Real:1x0,1x1 (0pts) | Real:3x0,2x1 (4pts) | Real:2x0,1x1 (1pts) | Real:2x1,2x0 (0pts) | Real:0x1,0x1 (1pts) | Real:1x1,2x0 (4pts) | Real:6x0,1x1 (1pts) | Real:1x2,1x2 (1pts) | Real:1x1,1x2 (1pts) | Real:1x1,0x0 (0pts) | Real:1x3,3x1 (4pts) | Real:4x1,1x0 (1pts) | Real:1x1,1x1 (0pts) | Real:3x0,5x0 (4pts) | Real:3x0,2x1 (3pts) | Real:1x0,3x1 (3pts) | Real:4x2,2x1 (3pts) | Real:1x0,1x1 (0pts) | Real:2x0,0x2 (3pts) | Real:2x3,0x1 (1pts) | Real:4x1,1x4 (0pts) | Real:2x0,1x1 (3pts) | Real:0x0,2x2 (0pts) | Real:0x1,1x2 (0pts) | Real:2x1,2x0 (0pts) | Real:1x2,4x1 (4pts) | Real:7x1,1x1 (1pts) | Real:1x0,2x0 (5pts) | Real:2x0,2x0 (1pts) | Real:0x0,2x0 (3pts) | Real:5x1,2x2 (5pts) | Real:2x2,2x1 (4pts) | Real:3x1,1x1 (5pts) | Real:1x1,2x0 (3pts) | Real:5x1,2x1 (3pts) | Real:4x0,3x0 (1pts) | Real:0x0,2x1 (4pts) | Real:5x1,2x0 (0pts) | Real:1x1,1x1 (3pts) | Real:2x2,0x0 (3pts) | Real:1x1,0x2 (3pts) | Real:1x3,3x1 (3pts) | Real:4x0,2x0 (4pts) | Real:1x0,1x1 (3pts) | Real:0x0,1x2 (1pts) | Real:1x1,2x0 (1pts) | Real:0x0,2x0 (1pts) | Real:2x2,2x0 (4pts) | Real:3x0,1x2 (0pts) | Real:4x1,2x1 (4pts) | Real:3x1,1x3 (4pts) | Real:1x4,0x2 (4pts) | Real:0x5,1x1 (0pts) | Real:3x2,3x0 (4pts) | Real:2x0,2x0 (3pts) | Real:3x1,1x2 (0pts) | Real:3x0,2x0 (3pts) | Real:3x1,1x1 (3pts) | Real:3x3,0x2 (4pts) | Real:1x2,2x2 (3pts) | Real:0x0,4x1 (3pts) | Real:5x0,2x0 (0pts) | Real:1x1,2x0 (3pts) | Real:3x1,1x1 (1pts) | Real:1x0,1x2 (1pts) | Real:1x1,2x0 (1pts) | Real:0x0,3x1 (3pts) | Real:2x0,2x4 (0pts) | Real:4x2,2x0 (4pts) | Real:1x0,1x2 (5pts) | Real:1x2,0x2 (4pts) | Real:0x1,164
delta,Roberto Shimada,3x0 (4pts) | Real:1x0,1x2 (0pts) | Real:3x0,2x3 (1pts) | Real:2x0,1x3 (0pts) | Real:2x1,1x0 (0pts) | Real:0x1,3x2 (0pts) | Real:1x1,1x2 (0pts) | Real:6x0,1x3 (4pts) | Real:1x2,0x3 (0pts) | Real:1x1,1x4 (1pts) | Real:1x1,1x2 (4pts) | Real:1x3,3x1 (4pts) | Real:4x1,2x1 (1pts) | Real:1x1,3x1 (4pts) | Real:3x0,3x0 (5pts) | Real:3x0,1x3 (1pts) | Real:1x0,2x1 (3pts) | Real:4x2,2x0 (4pts) | Real:1x0,0x1 (0pts) | Real:2x0,0x1 (3pts) | Real:2x3,1x2 (0pts) | Real:4x1,1x2 (0pts) | Real:2x0,0x2 (1pts) | Real:0x0,1x1 (1pts) | Real:0x1,2x1 (5pts) | Real:2x1,2x2 (1pts) | Real:1x2,1x1 (1pts) | Real:7x1,2x1 (3pts) | Real:1x0,1x1 (0pts) | Real:2x0,3x1 (0pts) | Real:0x0,2x2 (0pts) | Real:5x1,1x2 (1pts) | Real:2x2,3x0 (4pts) | Real:3x1,3x2 (0pts) | Real:1x1,3x1 (4pts) | Real:5x1,2x1 (3pts) | Real:4x0,3x0 (1pts) | Real:0x0,2x0 (3pts) | Real:5x1,2x1 (1pts) | Real:1x1,0x2 (1pts) | Real:2x2,1x2 (1pts) | Real:1x1,1x1 (1pts) | Real:1x3,2x0 (4pts) | Real:4x0,1x0 (5pts) | Real:1x0,2x0 (1pts) | Real:0x0,1x3 (1pts) | Real:1x1,0x0 (5pts) | Real:0x0,3x0 (0pts) | Real:2x2,3x0 (5pts) | Real:3x0,2x1 (4pts) | Real:4x1,1x1 (1pts) | Real:3x1,0x2 (3pts) | Real:1x4,0x3 (4pts) | Real:0x5,1x2 (1pts) | Real:3x2,2x0 (5pts) | Real:2x0,3x0 (4pts) | Real:3x1,3x0 (5pts) | Real:3x0,2x0 (3pts) | Real:3x1,2x1 (0pts) | Real:3x3,2x1 (0pts) | Real:1x2,2x1 (0pts) | Real:0x0,2x0 (4pts) | Real:5x0,3x1 (1pts) | Real:1x1,2x0 (3pts) | Real:3x1,2x1 (3pts) | Real:1x0,1x1 (5pts) | Real:1x1,1x2 (0pts) | Real:0x0,3x0 (4pts) | Real:2x0,2x3 (0pts) | Real:4x2,2x0 (4pts) | Real:1x0,2x1 (0pts) | Real:1x2,0x3 (4pts) | Real:0x1,150
sheik,Sheik,2x0 (4pts) | Real:1x0,3x1 (4pts) | Real:3x0,3x0 (4pts) | Real:2x0,1x2 (0pts) | Real:2x1,1x1 (1pts) | Real:0x1,2x0 (0pts) | Real:1x1,0x1 (0pts) | Real:6x0,0x1 (3pts) | Real:1x2,0x3 (0pts) | Real:1x1,2x0 (0pts) | Real:1x1,0x3 (4pts) | Real:1x3,0x3 (0pts) | Real:4x1,2x1 (1pts) | Real:1x1,3x0 (5pts) | Real:3x0,5x0 (4pts) | Real:3x0,3x0 (4pts) | Real:1x0,5x0 (3pts) | Real:4x2,2x0 (4pts) | Real:1x0,3x0 (4pts) | Real:2x0,0x2 (3pts) | Real:2x3,1x3 (0pts) | Real:4x1,0x4 (0pts) | Real:2x0,0x5 (1pts) | Real:0x0,1x2 (3pts) | Real:0x1,4x0 (3pts) | Real:2x1,3x1 (0pts) | Real:1x2,5x0 (3pts) | Real:7x1,0x4 (0pts) | Real:1x0,2x0 (5pts) | Real:2x0,4x0 (1pts) | Real:0x0,4x0 (3pts) | Real:5x1,2x2 (5pts) | Real:2x2,4x0 (3pts) | Real:3x1,1x3 (1pts) | Real:1x1,2x1 (4pts) | Real:5x1,4x0 (5pts) | Real:4x0,4x0 (1pts) | Real:0x0,3x0 (3pts) | Real:5x1,2x1 (1pts) | Real:1x1,2x0 (1pts) | Real:2x2,1x2 (1pts) | Real:1x1,0x2 (3pts) | Real:1x3,3x1 (3pts) | Real:4x0,3x1 (3pts) | Real:1x0,5x0 (1pts) | Real:0x0,0x4 (0pts) | Real:1x1,3x0 (1pts) | Real:0x0,5x0 (0pts) | Real:2x2,4x0 (4pts) | Real:3x0,3x0 (3pts) | Real:4x1,4x0 (3pts) | Real:3x1,0x2 (3pts) | Real:1x4,0x2 (4pts) | Real:0x5,1x2 (1pts) | Real:3x2,4x0 (4pts) | Real:2x0,4x0 (3pts) | Real:3x1,2x0 (4pts) | Real:3x0,0x2 (0pts) | Real:3x1,0x2 (0pts) | Real:3x3,0x2 (4pts) | Real:1x2,3x1 (0pts) | Real:0x0,5x0 (5pts) | Real:5x0,5x0 (0pts) | Real:1x1,5x0 (3pts) | Real:3x1,5x0 (4pts) | Real:1x0,1x1 (5pts) | Real:1x1,2x1 (0pts) | Real:0x0,4x0 (4pts) | Real:2x0,2x2 (1pts) | Real:4x2,4x0 (4pts) | Real:1x0,0x4 (3pts) | Real:1x2,0x4 (4pts) | Real:0x1,169
simone,Simone Djigov,2x1 (3pts) | Real:1x0,1x1 (0pts) | Real:3x0,2x1 (4pts) | Real:2x0,1x2 (0pts) | Real:2x1,1x1 (1pts) | Real:0x1,2x0 (0pts) | Real:1x1,2x0 (4pts) | Real:6x0,1x1 (1pts) | Real:1x2,2x0 (0pts) | Real:1x1,0x2 (0pts) | Real:1x1,1x1 (1pts) | Real:1x3,2x0 (3pts) | Real:4x1,3x1 (1pts) | Real:1x1,2x0 (4pts) | Real:3x0,4x1 (3pts) | Real:3x0,2x1 (3pts) | Real:1x0,3x1 (3pts) | Real:4x2,1x1 (1pts) | Real:1x0,3x1 (3pts) | Real:2x0,1x1 (0pts) | Real:2x3,2x1 (4pts) | Real:4x1,0x1 (0pts) | Real:2x0,1x1 (3pts) | Real:0x0,1x2 (3pts) | Real:0x1,3x2 (3pts) | Real:2x1,2x1 (0pts) | Real:1x2,4x0 (3pts) | Real:7x1,1x1 (1pts) | Real:1x0,2x0 (5pts) | Real:2x0,1x0 (1pts) | Real:0x0,2x1 (4pts) | Real:5x1,1x1 (3pts) | Real:2x2,2x0 (3pts) | Real:3x1,0x1 (1pts) | Real:1x1,1x1 (1pts) | Real:5x1,2x0 (4pts) | Real:4x0,2x0 (1pts) | Real:0x0,3x0 (3pts) | Real:5x1,1x1 (5pts) | Real:1x1,1x0 (0pts) | Real:2x2,0x1 (1pts) | Real:1x1,0x2 (3pts) | Real:1x3,3x0 (4pts) | Real:4x0,2x1 (3pts) | Real:1x0,4x0 (1pts) | Real:0x0,1x2 (1pts) | Real:1x1,1x1 (3pts) | Real:0x0,2x0 (1pts) | Real:2x2,2x0 (4pts) | Real:3x0,2x1 (4pts) | Real:4x1,1x1 (1pts) | Real:3x1,1x2 (4pts) | Real:1x4,0x1 (4pts) | Real:0x5,1x1 (0pts) | Real:3x2,2x1 (4pts) | Real:2x0,4x0 (3pts) | Real:3x1,2x0 (4pts) | Real:3x0,2x0 (3pts) | Real:3x1,1x0 (0pts) | Real:3x3,0x2 (4pts) | Real:1x2,2x1 (0pts) | Real:0x0,2x0 (4pts) | Real:5x0,3x0 (0pts) | Real:1x1,1x0 (3pts) | Real:3x1,2x0 (4pts) | Real:1x0,1x1 (5pts) | Real:1x1,2x0 (1pts) | Real:0x0,3x0 (4pts) | Real:2x0,1x1 (0pts) | Real:4x2,1x0 (5pts) | Real:1x0,1x2 (5pts) | Real:1x2,0x2 (4pts) | Real:0x1,170
viet,Washington Cavalcanti,2x1 (3pts) | Real:1x0,1x1 (0pts) | Real:3x0,2x1 (4pts) | Real:2x0,0x1 (1pts) | Real:2x1,0x0 (1pts) | Real:0x1,0x1 (1pts) | Real:1x1,1x1 (0pts) | Real:6x0,0x1 (3pts) | Real:1x2,0x2 (0pts) | Real:1x1,0x2 (0pts) | Real:1x1,0x2 (3pts) | Real:1x3,3x1 (4pts) | Real:4x1,2x1 (1pts) | Real:1x1,2x0 (4pts) | Real:3x0,3x0 (5pts) | Real:3x0,2x1 (3pts) | Real:1x0,2x0 (3pts) | Real:4x2,1x0 (5pts) | Real:1x0,2x0 (5pts) | Real:2x0,1x1 (0pts) | Real:2x3,2x1 (4pts) | Real:4x1,0x2 (0pts) | Real:2x0,0x1 (1pts) | Real:0x0,1x1 (1pts) | Real:0x1,2x0 (4pts) | Real:2x1,2x1 (0pts) | Real:1x2,1x1 (1pts) | Real:7x1,0x1 (0pts) | Real:1x0,1x1 (0pts) | Real:2x0,2x0 (1pts) | Real:0x0,1x1 (1pts) | Real:5x1,2x1 (1pts) | Real:2x2,2x0 (3pts) | Real:3x1,1x1 (5pts) | Real:1x1,1x0 (3pts) | Real:5x1,1x0 (4pts) | Real:4x0,2x0 (1pts) | Real:0x0,2x0 (3pts) | Real:5x1,2x1 (1pts) | Real:1x1,2x0 (1pts) | Real:2x2,0x1 (1pts) | Real:1x1,0x1 (3pts) | Real:1x3,3x0 (4pts) | Real:4x0,2x2 (0pts) | Real:1x0,3x0 (1pts) | Real:0x0,0x2 (0pts) | Real:1x1,1x0 (1pts) | Real:0x0,2x0 (1pts) | Real:2x2,2x0 (4pts) | Real:3x0,2x1 (4pts) | Real:4x1,2x1 (4pts) | Real:3x1,0x1 (3pts) | Real:1x4,1x2 (3pts) | Real:0x5,1x1 (0pts) | Real:3x2,2x1 (4pts) | Real:2x0,3x0 (4pts) | Real:3x1,2x1 (3pts) | Real:3x0,3x0 (4pts) | Real:3x1,1x0 (0pts) | Real:3x3,0x2 (4pts) | Real:1x2,2x1 (0pts) | Real:0x0,2x0 (4pts) | Real:5x0,2x0 (0pts) | Real:1x1,2x0 (3pts) | Real:3x1,1x0 (5pts) | Real:1x0,1x0 (1pts) | Real:1x1,2x0 (1pts) | Real:0x0,3x0 (4pts) | Real:2x0,1x1 (0pts) | Real:4x2,2x0 (4pts) | Real:1x0,1x2 (5pts) | Real:1x2,0x2 (4pts) | Real:0x1,160
